{"geometricError": 1000.0, "root": {"geometricError": 1000.0, "refine": "ADD", "boundingVolume": {"region": [0.44031599511687675, 1.1306344734311307, 0.4403635189553363, 1.1306690617124464, 0.0, 10.0]}, "content": {"uri": "content/{level}_{x}_{y}.cmpt"}, "implicitTiling": {"availableLevels": 1, "subdivisionScheme": "QUADTREE", "subtreeLevels": 2, "subtrees": {"uri": "subtrees/{level}_{x}_{y}.subtree"}}}, "asset": {"generator": "i3dm.export 2.6.0.0", "version": "1.1"}, "properties": {"id": {"minimum": 1, "maximum": 1}, "korkeus": {"minimum": 1, "maximum": 1}}}